date,anomaly_c,z
	1880-01,-0.73,-1.4921438684239636
	1880-02,-0.752,-1.53442168316951
	1880-03,-0.67,-1.376840737299746
	1880-04,-0.593,-1.228868385690333
	1880-05,-0.739,-1.5094393380925963
	1880-06,-0.756,-1.5421085585777912
	1880-07,-0.7402622950819672,-1.5118651143484882
	1880-08,-0.724,-1.4806135553115418
	1880-09,-0.841,-1.7054546610037662
	1880-10,-0.834076923076923,-1.6921504535663565
	1880-11,-0.8269230769230769,-1.6784027725476998
	1880-12,-0.82,-1.66509856511029
	1881-01,-0.74,-1.5113610569446665
	1881-02,-0.797271186440678,-1.62142017560815
	1881-03,-0.849,-1.7208284118203288
	1881-04,-0.749,-1.5286565266132992
	1881-05,-0.791,-1.6093687184002516
	1881-06,-0.702,-1.4383357405659953
	1881-07,-0.824,-1.6727854405185711
	1881-08,-0.888,-1.7957754470510703
	1881-09,-0.676,-1.3883710504121678
	1881-10,-0.82,-1.66509856511029
	1881-11,-0.786,-1.5997601241399002
	1881-12,-0.886,-1.7919320093469295
	1882-01,-0.7985,-1.6237816097907787
	1882-02,-0.711,-1.4556312102346278
	1882-03,-0.793,-1.6132121561043922
	1882-04,-0.663,-1.3633887053352538
	1882-05,-0.75,-1.5305782454653696
	1882-06,-0.74,-1.5113610569446665
	1882-07,-0.789,-1.6055252806961111
	1882-08,-0.62,-1.2807547946962312
	1882-09,-0.783,-1.5939949675836893
	1882-10,-0.873,-1.7669496642700158
	1882-11,-0.715,-1.463318085642909
	1882-12,-0.859,-1.7400456003410316
	1883-01,-0.719,-1.4710049610511904
	1883-02,-0.866,-1.7534976323055238
	1883-03,-0.8,-1.6266641880688844
	1883-04,-0.67,-1.376840737299746
	1883-05,-0.63,-1.299971983216934
	1883-06,-0.692,-1.4191185520452922
	1883-07,-0.74,-1.5113610569446665
	1883-08,-0.928,-1.8726442011338822
	1883-09,-1.04,-2.087876712565755
	1883-10,-0.985,-1.9821821757018885
	1883-11,-0.96,-1.9341392044001313
	1883-12,-0.816,-1.6574116897020088
	1884-01,-0.898,-1.8149926355717731
	1884-02,-1.04,-2.087876712565755
	1884-03,-0.854,-1.7304370060806802
	1884-04,-0.8936393442622951,-1.806612681233237
	1884-05,-0.932,-1.8803310765421632
	1884-06,-0.85,-1.722750130672399
	1884-07,-0.859344262295082,-1.7407071756835477
	1884-08,-0.869,-1.7592627888617345
	1884-09,-1.028,-2.0648160863409117
	1884-10,-0.992,-1.9956342076663809
	1884-11,-0.933,-1.8822527953942336
	1884-12,-0.862,-1.7458107568972425
	1885-01,-0.753,-1.5363434020215805
	1885-02,-0.7556271186440678,-1.5413919854465108
	1885-03,-0.758,-1.545951996281932
	1885-04,-0.758,-1.545951996281932
	1885-05,-0.603,-1.2480855742110362
	1885-06,-0.6599180327868852,-1.3574660308403486
	1885-07,-0.715,-1.463318085642909
	1885-08,-0.653,-1.344171516814551
	1885-09,-0.722,-1.4767701176074013
	1885-10,-0.808,-1.6420379388854467
	1885-11,-0.7073770491803278,-1.4486689173443406
	1885-12,-0.61,-1.2615376061755281
	1886-01,-0.71,-1.4537094913825577
	1886-02,-0.553,-1.1519996316075214
	1886-03,-0.869,-1.7592627888617345
	1886-04,-0.586,-1.2154163537258411
	1886-05,-0.65,-1.33840636025834
	1886-06,-0.699,-1.4325705840097844
	1886-07,-0.691,-1.417196833193222
	1886-08,-0.882,-1.7842451339386485
	1886-09,-0.758,-1.545951996281932
	1886-10,-0.718,-1.46908324219912
	1886-11,-0.62,-1.2807547946962312
	1886-12,-0.761,-1.5517171528381428
	1887-01,-0.758,-1.545951996281932
	1887-02,-0.708,-1.449866053678417
	1887-03,-0.575,-1.1942774463530679
	1887-04,-0.615,-1.2711462004358796
	1887-05,-0.6189344262295082,-1.2787070614932055
	1887-06,-0.623,-1.2865199512524421
	1887-07,-0.68,-1.3960579258204489
	1887-08,-0.635,-1.3095805774772855
	1887-09,-0.786,-1.5997601241399002
	1887-10,-0.762,-1.553638871690213
	1887-11,-0.759,-1.547873715134002
	1887-12,-0.826,-1.676628878222712
	1888-01,-0.659,-1.3557018299269727
	1888-02,-0.636,-1.3115022963293559
	1888-03,-0.638,-1.3153457340334964
	1888-04,-0.6944098360655738,-1.4237495794429045
	1888-05,-0.749,-1.5286565266132992
	1888-06,-0.69,-1.4152751143411517
	1888-07,-0.705,-1.4441008971222062
	1888-08,-0.766,-1.5613257470984943
	1888-09,-0.7289016393442622,-1.49003312804546
	1888-10,-0.693,-1.4210402708973626
	1888-11,-0.688,-1.4114316766370112
	1888-12,-0.684,-1.4037448012287301
	1889-01,-0.652,-1.3422497979624806
	1889-02,-0.653,-1.344171516814551
	1889-03,-0.781,-1.5901515298795488
	1889-04,-0.622,-1.2845982324003717
	1889-05,-0.621,-1.2826765135483014
	1889-06,-0.446,-0.9463757144359998
	1889-07,-0.683,-1.4018230823766598
	1889-08,-0.67,-1.376840737299746
	1889-09,-0.712,-1.4575529290866982
	1889-10,-0.808,-1.6420379388854467
	1889-11,-0.616,-1.27306791928795
	1889-12,-0.628,-1.2961285455127936
	1890-01,-0.6685,-1.3739581590216403
	1890-02,-0.709,-1.4517877725304873
	1890-03,-0.505,-1.0597571267081471
	1890-04,-0.722,-1.4767701176074013
	1890-05,-0.568,-1.1808254143885757
	1890-06,-0.46,-0.9732797783649839
	1890-07,-0.736,-1.5036741815363854
	1890-08,-0.726,-1.4844569930156823
	1890-09,-0.69,-1.4152751143411517
	1890-10,-0.744,-1.5190479323529478
	1890-11,-0.821,-1.6670202839623602
	1890-12,-0.672,-1.3806841750038865
	1891-01,-0.736,-1.5036741815363854
	1891-02,-0.588,-1.2192597914299816
	1891-03,-0.68,-1.3960579258204489
	1891-04,-0.475,-1.0021055611460383
	1891-05,-0.67,-1.376840737299746
	1891-06,-0.648,-1.3345629225541995
	1891-07,-0.581,-1.2058077594654895
	1891-08,-0.6255,-1.2913242483826177
	1891-09,-0.67,-1.376840737299746
	1891-10,-0.7413114754098361,-1.5138813439637753
	1891-11,-0.815,-1.6554899708499387
	1891-12,-0.652,-1.3422497979624806
	1892-01,-0.62,-1.2807547946962312
	1892-02,-0.553,-1.1519996316075214
	1892-03,-0.695,-1.4248837086015032
	1892-04,-0.694,-1.4229619897494328
	1892-05,-0.6418688524590164,-1.3227805807398667
	1892-06,-0.588,-1.2192597914299816
	1892-07,-0.616,-1.27306791928795
	1892-08,-0.632,-1.3038154209210746
	1892-09,-0.6487704918032787,-1.3360435911779258
	1892-10,-0.665,-1.3672321430393946
	1892-11,-0.652,-1.3422497979624806
	1892-12,-0.714,-1.4613963667908387
	1893-01,-0.481,-1.0136358742584601
	1893-02,-0.581,-1.2058077594654895
	1893-03,-0.681,-1.3979796446725192
	1893-04,-0.525,-1.098191503749553
	1893-05,-0.662,-1.3614669864831836
	1893-06,-0.5964426229508197,-1.2354841391154934
	1893-07,-0.533,-1.1135652545661154
	1893-08,-0.715,-1.463318085642909
	1893-09,-0.59,-1.2231032291341222
	1893-10,-0.64,-1.3191891717376372
	1893-11,-0.599,-1.2403986988027549
	1893-12,-0.494,-1.038618219335374
	1894-01,-0.64,-1.3191891717376372
	1894-02,-0.654,-1.3460932356666213
	1894-03,-0.6440338983050847,-1.3269411901578527
	1894-04,-0.633,-1.305737139773145
	1894-05,-0.579,-1.201964321761349
	1894-06,-0.563,-1.1712168201282243
	1894-07,-0.593,-1.228868385690333
	1894-08,-0.573,-1.1904340086489271
	1894-09,-0.655,-1.3480149545186915
	1894-10,-0.546,-1.1385475996430294
	1894-11,-0.48095081967213116,-1.0135413634952435
	1894-12,-0.418,-0.8925675865780314
	1895-01,-0.535,-1.1174086922702562
	1895-02,-0.652,-1.3422497979624806
	1895-03,-0.65,-1.33840636025834
	1895-04,-0.518,-1.0847394717850611
	1895-05,-0.581,-1.2058077594654895
	1895-06,-0.523,-1.0943480660454126
	1895-07,-0.566,-1.1769819766844352
	1895-08,-0.634,-1.3076588586252154
	1895-09,-0.714,-1.4613963667908387
	1895-10,-0.6972786885245902,-1.4292627072972044
	1895-11,-0.68,-1.3960579258204489
	1895-12,-0.6318032786885246,-1.3034373778682085
	1896-01,-0.582,-1.2077294783175598
	1896-02,-0.673,-1.382605893855957
	1896-03,-0.54,-1.1270172865306076
	1896-04,-0.516,-1.0808960340809204
	1896-05,-0.623,-1.2865199512524421
	1896-06,-0.56,-1.1654516635720136
	1896-07,-0.6332786885245901,-1.3062727007647055
	1896-08,-0.709,-1.4517877725304873
	1896-09,-0.61,-1.2615376061755281
	1896-10,-0.596,-1.234633542246544
	1896-11,-0.55,-1.1462344750513105
	1896-12,-0.53,-1.1078000980099045
	1897-01,-0.5840000000000001,-1.2115729160217006
	1897-02,-0.638,-1.3153457340334964
	1897-03,-0.502,-1.0539919701519362
	1897-04,-0.495,-1.0405399381874443
	1897-05,-0.5,-1.0501485324477957
	1897-06,-0.5193114754098361,-1.0872597588041697
	1897-07,-0.538,-1.123173848826467
	1897-08,-0.52,-1.0885829094892017
	1897-09,-0.548,-1.14239103734717
	1897-10,-0.579,-1.201964321761349
	1897-11,-0.648,-1.3345629225541995
	1897-12,-0.543,-1.1327824430868185
	1898-01,-0.64,-1.3191891717376372
	1898-02,-0.571,-1.1865905709447866
	1898-03,-0.546322033898305,-1.1391664582564078
	1898-04,-0.519,-1.0866611906371313
	1898-05,-0.6070327868852459,-1.255835456794795
	1898-06,-0.698,-1.430648865157714
	1898-07,-0.518,-1.0847394717850611
	1898-08,-0.726,-1.4844569930156823
	1898-09,-0.652,-1.3422497979624806
	1898-10,-0.533,-1.1135652545661154
	1898-11,-0.61,-1.2615376061755281
	1898-12,-0.68,-1.3960579258204489
	1899-01,-0.585,-1.2134946348737707
	1899-02,-0.49,-1.0309313439270928
	1899-03,-0.581,-1.2058077594654895
	1899-04,-0.498,-1.0463050947436552
	1899-05,-0.52,-1.0885829094892017
	1899-06,-0.59,-1.2231032291341222
	1899-07,-0.391,-0.8406811775721335
	1899-08,-0.536,-1.1193304111223263
	1899-09,-0.766,-1.5613257470984943
	1899-10,-0.595,-1.2327118233944738
	1899-11,-0.655,-1.3480149545186915
	1899-12,-0.515,-1.0789743152288502
	1900-01,-0.62,-1.2807547946962312
	1900-02,-0.54,-1.1270172865306076
	1900-03,-0.472,-0.9963404045898274
	1900-04,-0.435,-0.9252368070632264
	1900-05,-0.606,-1.253850730767247
	1900-06,-0.5978688524590163,-1.2382249512487737
	1900-07,-0.59,-1.2231032291341222
	1900-08,-0.628,-1.2961285455127936
	1900-09,-0.452,-0.9579060275484215
	1900-10,-0.5700327868852458,-1.184731859268194
	1900-11,-0.692,-1.4191185520452922
	1900-12,-0.499,-1.0482268135957253
	1901-01,-0.38,-0.8195422701993602
	1901-02,-0.438,-0.9310019636194373
	1901-03,-0.623,-1.2865199512524421
	1901-04,-0.6064891304347826,-1.25479070194489
	1901-05,-0.5905108695652174,-1.2240849768085496
	1901-06,-0.574,-1.1923557275009975
	1901-07,-0.5390819672131147,-1.1252530856172316
	1901-08,-0.503,-1.0559136890040066
	1901-09,-0.66,-1.357623548779043
	1901-10,-0.593,-1.228868385690333
	1901-11,-0.84,-1.703532942151696
	1901-12,-0.644,-1.3268760471459182
	1902-01,-0.556,-1.1577647881637323
	1902-02,-0.61,-1.2615376061755281
	1902-03,-0.36,-0.7811078931579543
	1902-04,-0.598,-1.2384769799506845
	1902-05,-0.524,-1.096269784897483
	1902-06,-0.496,-1.0424616570395147
	1902-07,-0.415,-0.8868024300218206
	1902-08,-0.67,-1.376840737299746
	1902-09,-0.479,-1.0097924365543196
	1902-10,-0.58,-1.2038860406134193
	1902-11,-0.649,-1.3364846414062697
	1902-12,-0.514,-1.0770525963767799
	1903-01,-0.51,-1.0693657209684988
	1903-02,-0.548,-1.14239103734717
	1903-03,-0.475,-1.0021055611460383
	1903-04,-0.504,-1.057835407856077
	1903-05,-0.47,-0.9924969668856869
	1903-06,-0.443,-0.9406105578797889
	1903-07,-0.393,-0.8445246152762741
	1903-08,-0.643,-1.3249543282938478
	1903-09,-0.391,-0.8406811775721335
	1903-10,-0.4800163934426229,-1.0117456589941287
	1903-11,-0.572,-1.188512289796857
	1903-12,-0.494,-1.038618219335374
	1904-01,-0.493,-1.0366965004833038
	1904-02,-0.539,-1.1250955676785372
	1904-03,-0.49,-1.0309313439270928
	1904-04,-0.502,-1.0539919701519362
	1904-05,-0.515,-1.0789743152288502
	1904-06,-0.418,-0.8925675865780314
	1904-07,-0.481,-1.0136358742584601
	1904-08,-0.589,-1.221181510282052
	1904-09,-0.479,-1.0097924365543196
	1904-10,-0.533,-1.1135652545661154
	1904-11,-0.485,-1.0213227496667412
	1904-12,-0.48,-1.0117141554063898
	1905-01,-0.5015000000000001,-1.0530311107259014
	1905-02,-0.523,-1.0943480660454126
	1905-03,-0.4,-0.8579766472407662
	1905-04,-0.403,-0.8637418037969771
	1905-05,-0.459,-0.9713580595129135
	1905-06,-0.466,-0.9848100914774056
	1905-07,-0.4,-0.8579766472407662
	1905-08,-0.45492391304347823,-0.9635249663658879
	1905-09,-0.5098478260869564,-1.0690732854910097
	1905-10,-0.563,-1.1712168201282243
	1905-11,-0.556,-1.1577647881637323
	1905-12,-0.432,-0.9194716505070155
	1906-01,-0.428,-0.9117847750987343
	1906-02,-0.403,-0.8637418037969771
	1906-03,-0.345,-0.7522821103768998
	1906-04,-0.44,-0.934845401323578
	1906-05,-0.393,-0.8445246152762741
	1906-06,-0.489,-1.0290096250750225
	1906-07,-0.5057213114754099,-1.061143284568657
	1906-08,-0.523,-1.0943480660454126
	1906-09,-0.523,-1.0943480660454126
	1906-10,-0.489,-1.0290096250750225
	1906-11,-0.594,-1.2307901045424035
	1906-12,-0.342,-0.746516953820689
	1907-01,-0.564,-1.1731385389802944
	1907-02,-0.555,-1.1558430693116621
	1907-03,-0.46625423728813564,-0.9852986640669152
	1907-04,-0.368,-0.7964816439745167
	1907-05,-0.39,-0.8387594587200632
	1907-06,-0.404,-0.8656635226490473
	1907-07,-0.479,-1.0097924365543196
	1907-08,-0.574,-1.1923557275009975
	1907-09,-0.514,-1.0770525963767799
	1907-10,-0.58,-1.2038860406134193
	1907-11,-0.44,-0.934845401323578
	1907-12,-0.511,-1.071287439820569
	1908-01,-0.539,-1.1250955676785372
	1908-02,-0.473,-0.9982621234418977
	1908-03,-0.395,-0.8483680529804147
	1908-04,-0.465,-0.9828883726253353
	1908-05,-0.4448360655737705,-0.9441389597065408
	1908-06,-0.424,-0.9040978996904532
	1908-07,-0.448,-0.9502191521401403
	1908-08,-0.532,-1.1116435357140453
	1908-09,-0.55,-1.1462344750513105
	1908-10,-0.5,-1.0501485324477957
	1908-11,-0.623,-1.2865199512524421
	1908-12,-0.572344262295082,-1.189173865139373
	1909-01,-0.52,-1.0885829094892017
	1909-02,-0.454,-0.9617494652525621
	1909-03,-0.4212808988764045,-0.8988725518005543
	1909-04,-0.3850561797752809,-0.8292588261929741
	1909-05,-0.35,-0.7618907046372514
	1909-06,-0.446,-0.9463757144359998
	1909-07,-0.459,-0.9713580595129135
	1909-08,-0.562,-1.169295101276154
	1909-09,-0.5447213114754099,-1.1360903197993986
	1909-10,-0.528,-1.103956660305764
	1909-11,-0.471,-0.9944186857377572
	1909-12,-0.544,-1.134704161938889
	1910-01,-0.41,-0.877193835761469
	1910-02,-0.304,-0.6734916374420178
	1910-03,-0.33532203389830506,-0.7336837804695755
	1910-04,-0.37,-0.8003250816786572
	1910-05,-0.35,-0.7618907046372514
	1910-06,-0.455,-0.9636711841046324
	1910-07,-0.429,-0.9137064939508047
	1910-08,-0.4545,-0.9627103246785973
	1910-09,-0.48,-1.0117141554063898
	1910-10,-0.556,-1.1577647881637323
	1910-11,-0.485,-1.0213227496667412
	1910-12,-0.428,-0.9117847750987343
	1911-01,-0.325,-0.713847733335494
	1911-02,-0.339,-0.7407517972644782
	1911-03,-0.224,-0.5197541292763943
	1911-04,-0.45,-0.9540625898442809
	1911-05,-0.325,-0.713847733335494
	1911-06,-0.4,-0.8579766472407662
	1911-07,-0.261,-0.5908577268029952
	1911-08,-0.525,-1.098191503749553
	1911-09,-0.545,-1.136625880790959
	1911-10,-0.532,-1.1116435357140453
	1911-11,-0.646,-1.3307194848500588
	1911-12,-0.499,-1.0482268135957253
	1912-01,-0.492,-1.0347747816312334
	1912-02,-0.393,-0.8445246152762741
	1912-03,-0.359,-0.779186174305884
	1912-04,-0.228,-0.5274410046846755
	1912-05,-0.308,-0.681178512850299
	1912-06,-0.448,-0.9502191521401403
	1912-07,-0.498,-1.0463050947436552
	1912-08,-0.411,-0.8791155546135393
	1912-09,-0.573,-1.1904340086489271
	1912-10,-0.33,-0.7234563275958455
	1912-11,-0.371,-0.8022468005307276
	1912-12,-0.484,-1.019401030814671
	1913-01,-0.558,-1.161608225867873
	1913-02,-0.286,-0.6389006981047525
	1913-03,-0.385,-0.8291508644597118
	1913-04,-0.269,-0.6062314776195575
	1913-05,-0.501,-1.052070251299866
	1913-06,-0.439,-0.9329236824715076
	1913-07,-0.415,-0.8868024300218206
	1913-08,-0.436,-0.9271585259152968
	1913-09,-0.493,-1.0366965004833038
	1913-10,-0.5161147540983607,-1.0811165591950926
	1913-11,-0.54,-1.1270172865306076
	1913-12,-0.47114754098360656,-0.9947022180274069
	1914-01,-0.4,-0.8579766472407662
	1914-02,-0.343,-0.7484386726727593
	1914-03,-0.308,-0.681178512850299
	1914-04,-0.3984590163934426,-0.8550153099933135
	1914-05,-0.486,-1.0232444685188116
	1914-06,-0.278,-0.6235269472881901
	1914-07,-0.378,-0.8156988324952197
	1914-08,-0.489,-1.0290096250750225
	1914-09,-0.322,-0.7080825767792831
	1914-10,-0.443,-0.9406105578797889
	1914-11,-0.35,-0.7618907046372514
	1914-12,-0.42,-0.896411024282172
	1915-01,-0.235,-0.5408930366491674
	1915-02,-0.233,-0.5370495989450269
	1915-03,-0.374,-0.8080119570869385
	1915-04,-0.269,-0.6062314776195575
	1915-05,-0.301,-0.6677264808858069
	1915-06,-0.261,-0.5908577268029952
	1915-07,-0.471,-0.9944186857377572
	1915-08,-0.363,-0.7868730497141652
	1915-09,-0.351,-0.7638124234893217
	1915-10,-0.582,-1.2077294783175598
	1915-11,-0.529,-1.1058783791578344
	1915-12,-0.578,-1.2000426029092788
	1916-01,-0.411,-0.8791155546135393
	1916-02,-0.306,-0.6773350751461584
	1916-03,-0.224,-0.5197541292763943
	1916-04,-0.33,-0.7234563275958455
	1916-05,-0.212,-0.4966935030515507
	1916-06,-0.47,-0.9924969668856869
	1916-07,-0.52,-1.0885829094892017
	1916-08,-0.412,-0.8810372734656097
	1916-09,-0.42318032786885246,-0.9025227203035103
	1916-10,-0.434,-0.9233150882111562
	1916-11,-0.589,-1.221181510282052
	1916-12,-0.412,-0.8810372734656097
	1917-01,-0.483,-1.0174793119626007
	1917-02,-0.299,-0.6638830431816664
	1917-03,-0.304,-0.6734916374420178
	1917-04,-0.3390655737704918,-0.7408778116154335
	1917-05,-0.373,-0.8060902382348681
	1917-06,-0.37554098360655735,-0.810973294334391
	1917-07,-0.378,-0.8156988324952197
	1917-08,-0.436,-0.9271585259152968
	1917-09,-0.494,-1.038618219335374
	1917-10,-0.47481967213114756,-1.001759021680911
	1917-11,-0.455,-0.9636711841046324
	1917-12,-0.46,-0.9732797783649839
	1918-01,-0.429,-0.9137064939508047
	1918-02,-0.398,-0.8541332095366256
	1918-03,-0.37,-0.8003250816786572
	1918-04,-0.411,-0.8791155546135393
	1918-05,-0.164,-0.40445099815217656
	1918-06,-0.336,-0.7349866407082672
	1918-07,-0.419,-0.8944893054301017
	1918-08,-0.37,-0.8003250816786572
	1918-09,-0.413,-0.8829589923176799
	1918-10,-0.428,-0.9117847750987343
	1918-11,-0.353,-0.7676558611934622
	1918-12,-0.323,-0.7100042956313535
	1919-01,-0.4,-0.8579766472407662
	1919-02,-0.378,-0.8156988324952197
	1919-03,-0.334,-0.7311432030041267
	1919-04,-0.3838032786885246,-0.8268511025547751
	1919-05,-0.432,-0.9194716505070155
	1919-06,-0.219,-0.5101455350160428
	1919-07,-0.221,-0.5139889727201834
	1919-08,-0.396,-0.850289771832485
	1919-09,-0.385327868852459,-0.8297809362144889
	1919-10,-0.375,-0.8099336759390088
	1919-11,-0.146,-0.36986005881491124
	1919-12,-0.283,-0.6331355415485416
	1920-01,-0.36,-0.7811078931579543
	1920-02,-0.398,-0.8541332095366256
	1920-03,-0.43,-0.915628212802875
	1920-04,-0.278,-0.6235269472881901
	1920-05,-0.361,-0.7830296120100246
	1920-06,-0.431,-0.9175499316549452
	1920-07,-0.393,-0.8445246152762741
	1920-08,-0.452,-0.9579060275484215
	1920-09,-0.248,-0.5658753817260813
	1920-10,-0.3139016393442623,-0.6925198044362876
	1920-11,-0.382,-0.8233857079035009
	1920-12,-0.38134782608695655,-0.8221324129999767
	1921-01,-0.38067391304347825,-0.8208373415996685
	1921-02,-0.38,-0.8195422701993602
	1921-03,-0.17,-0.41598131126459836
	1921-04,-0.241,-0.5524233497615892
	1921-05,-0.373,-0.8060902382348681
	1921-06,-0.322,-0.7080825767792831
	1921-07,-0.401,-0.8598983660928364
	1921-08,-0.35000000000000003,-0.7618907046372514
	1921-09,-0.299,-0.6638830431816664
	1921-10,-0.3894918032786885,-0.8377828475001585
	1921-11,-0.483,-1.0174793119626007
	1921-12,-0.31,-0.6850219505544396
	1922-01,-0.378,-0.8156988324952197
	1922-02,-0.339,-0.7407517972644782
	1922-03,-0.328,-0.7196128898917049
	1922-04,-0.342,-0.746516953820689
	1922-05,-0.275,-0.6177617907319793
	1922-06,-0.363,-0.7868730497141652
	1922-07,-0.299,-0.6638830431816664
	1922-08,-0.349,-0.759968985785181
	1922-09,-0.381,-0.8214639890514306
	1922-10,-0.441,-0.9367671201756482
	1922-11,-0.41,-0.877193835761469
	1922-12,-0.281,-0.629292103844401
	1923-01,-0.275,-0.6177617907319793
	1923-02,-0.368,-0.7964816439745167
	1923-03,-0.263,-0.5947011645071357
	1923-04,-0.203,-0.47939803338291803
	1923-05,-0.402,-0.8618200849449068
	1923-06,-0.243,-0.5562667874657298
	1923-07,-0.363,-0.7868730497141652
	1923-08,-0.289,-0.6446658546609634
	1923-09,-0.413,-0.8829589923176799
	1923-10,-0.4459508196721311,-0.9462812036727831
	1923-11,-0.48,-1.0117141554063898
	1923-12,-0.33,-0.7234563275958455
	1924-01,-0.284,-0.6350572604006118
	1924-02,-0.24525,-0.5605906548828881
	1924-03,-0.209,-0.49092834649533984
	1924-04,-0.385,-0.8291508644597118
	1924-05,-0.263,-0.5947011645071357
	1924-06,-0.373,-0.8060902382348681
	1924-07,-0.352,-0.7657341423413919
	1924-08,-0.32,-0.7042391390751426
	1924-09,-0.41,-0.877193835761469
	1924-10,-0.378,-0.8156988324952197
	1924-11,-0.259,-0.5870142890988546
	1924-12,-0.37,-0.8003250816786572
	1925-01,-0.228,-0.5274410046846755
	1925-02,-0.21854237288135595,-0.5092661043549259
	1925-03,-0.21,-0.4928500653474101
	1925-04,-0.13,-0.3391125571817865
	1925-05,-0.445,-0.9444539955839294
	1925-06,-0.329,-0.7215346087437752
	1925-07,-0.243,-0.5562667874657298
	1925-08,-0.33,-0.7234563275958455
	1925-09,-0.301,-0.6677264808858069
	1925-10,-0.385,-0.8291508644597118
	1925-11,-0.322,-0.7080825767792831
	1925-12,-0.322,-0.7080825767792831
	1926-01,-0.191,-0.45633740715807447
	1926-02,-0.238,-0.5466581932053783
	1926-03,-0.212,-0.4966935030515507
	1926-04,-0.264,-0.596622883359206
	1926-05,-0.276,-0.6196835095840496
	1926-06,-0.289,-0.6446658546609634
	1926-07,-0.25,-0.5697188194302218
	1926-08,-0.34,-0.7426735161165485
	1926-09,-0.3,-0.6658047620337366
	1926-10,-0.16,-0.3967641227438954
	1926-11,-0.1902439024390244,-0.4548844002211433
	1926-12,-0.21951219512195125,-0.5111298300378349
	1927-01,-0.24975609756097564,-0.5692501075150829
	1927-02,-0.28,-0.6273703849923308
	1927-03,-0.391,-0.8406811775721335
	1927-04,-0.302,-0.6696481997378773
	1927-05,-0.29145054945054943,-0.6493751217380147
	1927-06,-0.2805494505494506,-0.6284262744714902
	1927-07,-0.27,-0.6081531964716278
	1927-08,-0.158,-0.3929206850397548
	1927-09,-0.284,-0.6350572604006118
	1927-10,-0.26334426229508195,-0.5953627398496517
	1927-11,-0.242,-0.5543450686136595
	1927-12,-0.24298360655737705,-0.5562352838779909
	1928-01,-0.244,-0.5581885063178001
	1928-02,-0.175,-0.42558990552494974
	1928-03,-0.336,-0.7349866407082672
	1928-04,-0.2612950819672131,-0.5914247913822945
	1928-05,-0.189,-0.4524939694539339
	1928-06,-0.27,-0.6081531964716278
	1928-07,-0.21,-0.4928500653474101
	1928-08,-0.1,-0.2814609916196777
	1928-09,-0.285,-0.6369789792526822
	1928-10,-0.285,-0.6369789792526822
	1928-11,-0.334,-0.7311432030041267
	1928-12,-0.346,-0.7542038292289701
	1929-01,-0.186,-0.446728812897723
	1929-02,-0.295,-0.6561961677733851
	1929-03,-0.202,-0.47747631453084777
	1929-04,-0.238,-0.5466581932053783
	1929-05,-0.17,-0.41598131126459836
	1929-06,-0.196,-0.46594600141842596
	1929-07,-0.164,-0.40445099815217656
	1929-08,-0.312,-0.6888653882585801
	1929-09,-0.34299999999999997,-0.7484386726727592
	1929-10,-0.373,-0.8060902382348681
	1929-11,-0.323,-0.7100042956313535
	1929-12,-0.238,-0.5466581932053783
	1930-01,-0.26399999999999996,-0.5966228833592059
	1930-02,-0.29,-0.6465875735130336
	1930-03,-0.13,-0.3391125571817865
	1930-04,-0.14626229508196723,-0.370364116218733
	1930-05,-0.162,-0.40060756044803597
	1930-06,-0.23162295081967213,-0.5344032975749629
	1930-07,-0.299,-0.6638830431816664
	1930-08,-0.36,-0.7811078931579543
	1930-09,-0.421,-0.8983327431342423
	1930-10,-0.32411475409836066,-0.7121465395975957
	1930-11,-0.224,-0.5197541292763943
	1930-12,-0.262,-0.5927794456550655
	1931-01,-0.209,-0.49092834649533984
	1931-02,-0.296,-0.6581178866254555
	1931-03,0.009,-0.0719936367440155
	1931-04,-0.169,-0.41405959241252804
	1931-05,-0.176,-0.42751162437702
	1931-06,-0.144,-0.36601662111077066
	1931-07,-0.188,-0.45057225060186357
	1931-08,-0.232,-0.5351278800929566
	1931-09,-0.2340327868852459,-0.539034324972575
	1931-10,-0.236,-0.5428147555012377
	1931-11,-0.115,-0.3102867744007321
	1931-12,-0.139,-0.35640802685041917
	1932-01,-0.094,-0.26993067850725594
	1932-02,-0.236,-0.5428147555012377
	1932-03,-0.255,-0.5793274136905734
	1932-04,-0.178,-0.43135506208116065
	1932-05,-0.17,-0.41598131126459836
	1932-06,-0.104,-0.2891478670279588
	1932-07,-0.351,-0.7638124234893217
	1932-08,-0.118,-0.31605193095694295
	1932-09,-0.27,-0.6081531964716278
	1932-10,-0.3,-0.6658047620337366
	1932-11,-0.34,-0.7426735161165485
	1932-12,-0.369,-0.798403362826587
	1933-01,-0.145,-0.3679383399628409
	1933-02,-0.179,-0.4332767809332309
	1933-03,-0.269,-0.6062314776195575
	1933-04,-0.261,-0.5908577268029952
	1933-05,-0.191,-0.45633740715807447
	1933-06,-0.048,-0.1815316113120223
	1933-07,-0.226,-0.5235975669805348
	1933-08,-0.35,-0.7618907046372514
	1933-09,-0.266,-0.6004663210633466
	1933-10,-0.274,-0.615840071879909
	1933-11,-0.461,-0.9752014972170542
	1933-12,-0.23,-0.531284442388816
	1934-01,-0.218,-0.5082238161639725
	1934-02,-0.118,-0.31605193095694295
	1934-03,-0.01,-0.10850629493335111
	1934-04,-0.06,-0.20459223753686584
	1934-05,-0.175,-0.42558990552494974
	1934-06,-0.259,-0.5870142890988546
	1934-07,0.011,-0.06815019903987492
	1934-08,-0.214,-0.5005369407556913
	1934-09,-0.235,-0.5408930366491674
	1934-10,-0.244,-0.5581885063178001
	1934-11,-0.219,-0.5101455350160428
	1934-12,-0.2268688524590164,-0.5252672571306942
	1935-01,-0.235,-0.5408930366491674
	1935-02,-0.21,-0.4928500653474101
	1935-03,-0.15,-0.3775469342231924
	1935-04,-0.18,-0.43519849978530123
	1935-05,-0.2,-0.4736328768267071
	1935-06,-0.152,-0.381390371927333
	1935-07,-0.205,-0.4832414710870586
	1935-08,-0.088,-0.25840036539483413
	1935-09,-0.438,-0.9310019636194373
	1935-10,-0.144,-0.36601662111077066
	1935-11,-0.124,-0.3275822440693647
	1935-12,-0.371,-0.8022468005307276
	1936-01,-0.277,-0.6216052284361199
	1936-02,-0.183,-0.44096365634151213
	1936-03,-0.1859,-0.446536641012516
	1936-04,-0.189,-0.4524939694539339
	1936-05,-0.221,-0.5139889727201834
	1936-06,-0.009,-0.10658457608128082
	1936-07,-0.099,-0.27953927276760737
	1936-08,-0.096,-0.2737741162113965
	1936-09,-0.158,-0.3929206850397548
	1936-10,-0.311,-0.6869436694065099
	1936-11,-0.256,-0.5812491325426437
	1936-12,-0.155,-0.3871555284835439
	1937-01,-0.266,-0.6004663210633466
	1937-02,-0.086,-0.25455692769069355
	1937-03,-0.143,-0.36409490225870034
	1937-04,-0.146,-0.36986005881491124
	1937-05,-0.065,-0.21420083179721733
	1937-06,-0.07510869565217392,-0.23362690280184098
	1937-07,-0.08489130434782609,-0.2524263263547025
	1937-08,-0.095,-0.2718523973593262
	1937-09,-0.291,-0.6485092923651039
	1937-10,-0.22460655737704915,-0.5209197620227319
	1937-11,-0.156,-0.3890772473356142
	1937-12,-0.209,-0.49092834649533984
	1938-01,-0.2205,-0.5130281132941482
	1938-02,-0.232,-0.5351278800929566
	1938-03,-0.039,-0.16423614164338965
	1938-04,-0.12,-0.31989536866108353
	1938-05,-0.153,-0.3833120907794033
	1938-06,-0.045,-0.17576645475581143
	1938-07,-0.209,-0.49092834649533984
	1938-08,-0.29,-0.6465875735130336
	1938-09,-0.21986885245901638,-0.5118152251662021
	1938-10,-0.152,-0.381390371927333
	1938-11,-0.295,-0.6561961677733851
	1938-12,-0.033,-0.1527058285309679
	1939-01,-0.314,-0.6927088259627208
	1939-02,0.014,-0.06238504248366403
	1939-03,-0.086,-0.25455692769069355
	1939-04,-0.103,-0.28722614817588854
	1939-05,-0.144,-0.36601662111077066
	1939-06,-0.086,-0.25455692769069355
	1939-07,-0.145,-0.3679383399628409
	1939-08,-0.078,-0.23918317687413115
	1939-09,-0.175,-0.42558990552494974
	1939-10,-0.178,-0.43135506208116065
	1939-11,-0.1739344262295082,-0.4235421723219241
	1939-12,-0.17,-0.41598131126459836
	1940-01,-0.112,-0.3045216178445212
	1940-02,-0.248,-0.5658753817260813
	1940-03,-0.2,-0.4736328768267071
	1940-04,-0.025,-0.13733207771440556
	1940-05,-0.08,-0.24302661457827177
	1940-06,-0.122,-0.3237388063652241
	1940-07,-0.13,-0.3391125571817865
	1940-08,-0.128,-0.33526911947764587
	1940-09,-0.216,-0.5043803784598319
	1940-10,-0.241,-0.5524233497615892
	1940-11,-0.156,-0.3890772473356142
	1940-12,-0.231,-0.5332061612408864
	1941-01,-0.094,-0.26993067850725594
	1941-02,-0.24,-0.5505016309095189
	1941-03,0.001,-0.08736738756057785
	1941-04,-0.029491803278688524,-0.14596406075485244
	1941-05,-0.059,-0.20267051868479555
	1941-06,-0.019,-0.12580176460198378
	1941-07,0.012,-0.06622848018780463
	1941-08,-0.064,-0.21227911294514704
	1941-09,-0.31,-0.6850219505544396
	1941-10,-0.271,-0.6100749153236981
	1941-11,-0.211,-0.4947717841994804
	1941-12,-0.14,-0.35832974570248943
	1942-01,-0.075,-0.23341802031792028
	1942-02,-0.148,-0.3737034965190518
	1942-03,-0.056,-0.1969053621285847
	1942-04,-0.124,-0.3275822440693647
	1942-05,-0.118,-0.31605193095694295
	1942-06,-0.199,-0.47171115797463686
	1942-07,-0.185,-0.4448070940456527
	1942-08,-0.243,-0.5562667874657298
	1942-09,-0.23,-0.531284442388816
	1942-10,-0.074,-0.23149630146584999
	1942-11,-0.23,-0.531284442388816
	1942-12,0.079,0.06252668290090516
	1943-01,-0.066,-0.21612255064928762
	1943-02,-0.065,-0.21420083179721733
	1943-03,-0.129,-0.3371908383297162
	1943-04,-0.1168032786885246,-0.31375216905200637
	1943-05,-0.105,-0.2910695858800291
	1943-06,-0.066,-0.21612255064928762
	1943-07,-0.09845901639344262,-0.27849965437222507
	1943-08,-0.132,-0.3429559948859271
	1943-09,-0.05,-0.18537504901616292
	1943-10,-0.204,-0.48131975223498835
	1943-11,-0.143,-0.36409490225870034
	1943-12,0.021,-0.048933010519171954
	1944-01,-0.145,-0.3679383399628409
	1944-02,0.076,0.05676152634469426
	1944-03,0.007,-0.07583707444815609
	1944-04,-0.09,-0.2622438030989747
	1944-05,-0.03983606557377049,-0.1658428246180714
	1944-06,0.012,-0.06622848018780463
	1944-07,-0.04,-0.16615786049545994
	1944-08,-0.11449999999999999,-0.3093259149746969
	1944-09,-0.189,-0.4524939694539339
	1944-10,-0.16,-0.3967641227438954
	1944-11,-0.12967391304347825,-0.3384859097300244
	1944-12,-0.10032608695652173,-0.2820876390714397
	1945-01,-0.07,-0.22380942605756882
	1945-02,-0.03794915254237288,-0.1622167082734175
	1945-03,-0.009,-0.10658457608128082
	1945-04,0.017,-0.05661988592745314
	1945-05,0.007,-0.07583707444815609
	1945-06,0.031,-0.029715821998469012
	1945-07,-0.013,-0.11427145148956198
	1945-08,-0.07,-0.22380942605756882
	1945-09,-0.126,-0.3314256817735053
	1945-10,-0.26,-0.5889360079509248
	1945-11,-0.085,-0.2526352088386232
	1945-12,-0.083,-0.24879177113448264
	1946-01,-0.11649999999999999,-0.3131693526788375
	1946-02,-0.15,-0.3775469342231924
	1946-03,-0.115,-0.3102867744007321
	1946-04,0.06,0.02601402471156954
	1946-05,-0.03,-0.146940671974757
	1946-06,0.01,-0.0700719178919452
	1946-07,-0.066,-0.21612255064928762
	1946-08,-0.09,-0.2622438030989747
	1946-09,-0.035,-0.15654926623510848
	1946-10,-0.16,-0.3967641227438954
	1946-11,-0.101,-0.283382710471748
	1946-12,-0.126,-0.3314256817735053
	1947-01,-0.098,-0.2776175539155371
	1947-02,-0.062,-0.20843567524100645
	1947-03,-0.001,-0.09121082526471845
	1947-04,-0.049,-0.18345333016409263
	1947-05,0.084,0.07213527716125663
	1947-06,-0.106,-0.29299130473209944
	1947-07,-0.073,-0.2295745826137797
	1947-08,-0.07872826086956522,-0.24058268951639977
	1947-09,-0.08445652173913043,-0.25159079641901977
	1947-10,-0.09,-0.2622438030989747
	1947-11,-0.14488524590163934,-0.36771781484866894
	1947-12,-0.198,-0.46978943912256654
	1948-01,-0.032,-0.1507841096788976
	1948-02,0.044,-0.00473347692155518
	1948-03,-0.001,-0.09121082526471845
	1948-04,0.085,0.07405699601332694
	1948-05,-0.048,-0.1815316113120223
	1948-06,0.089,0.08174387142160809
	1948-07,0.136,0.17206465746891197
	1948-08,-0.101,-0.283382710471748
	1948-09,-0.125,-0.329503962921435
	1948-10,0.021,-0.048933010519171954
	1948-11,0.039,-0.01434207118190665
	1948-12,-0.11,-0.3006781801403806
	1949-01,-0.076,-0.23533973916999057
	1949-02,-0.039,-0.16423614164338965
	1949-03,-0.105,-0.2910695858800291
	1949-04,-0.063,-0.21035739409307674
	1949-05,-0.076,-0.23533973916999057
	1949-06,-0.075,-0.23341802031792028
	1949-07,-0.04,-0.16615786049545994
	1949-08,-0.043,-0.17192301705167085
	1949-09,0.045,-0.0028117580694848833
	1949-10,-0.164,-0.40445099815217656
	1949-11,0.002,-0.08544566870850756
	1949-12,-0.075,-0.23341802031792028
	1950-01,-0.036,-0.15847098508717875
	1950-02,0.048,0.002953398486726007
	1950-03,-0.08,-0.24302661457827177
	1950-04,0.051,0.008718555042936884
	1950-05,0.04411475409836065,-0.0045129518073831814
	1950-06,0.037,-0.018185508886047242
	1950-07,-0.004,-0.09697598182092934
	1950-08,0.146,0.1912818459896149
	1950-09,-0.119,-0.3179736498090132
	1950-10,-0.12,-0.31989536866108353
	1950-11,-0.116,-0.31220849325280237
	1950-12,-0.09436065573770491,-0.2706237574375107
	1951-01,-0.072,-0.22765286376170937
	1951-02,0.099,0.10096105994231105
	1951-03,0.137,0.1739863763209823
	1951-04,0.04654098360655738,0.00014957917796771484
	1951-05,-0.041,-0.16807957934753023
	1951-06,-0.04125203252032521,-0.168563914993174
	1951-07,-0.0414959349593496,-0.16903262690831308
	1951-08,-0.0417479674796748,-0.16951696255395682
	1951-09,-0.042,-0.17000129819960053
	1951-10,-0.185,-0.4448070940456527
	1951-11,0.068,0.041387775528131915
	1951-12,0.107,0.1163348107588734
	1952-01,0.08996703296703297,0.08360223690492884
	1952-02,0.07293406593406593,0.050869663050984226
	1952-03,0.057,0.020248868155358663
	1952-04,0.07275409836065574,0.050523815972400535
	1952-05,0.088,0.0798221525695378
	1952-06,0.179,0.2546985681079347
	1952-07,-0.02,-0.12772348345405407
	1952-08,-0.094,-0.26993067850725594
	1952-09,-0.158,-0.3929206850397548
	1952-10,-0.112,-0.3045216178445212
	1952-11,-0.048,-0.1815316113120223
	1952-12,0.117,0.13555199927957637
	1953-01,-0.042,-0.17000129819960053
	1953-02,0.04,-0.012420352329836353
	1953-03,0.04,-0.012420352329836353
	1953-04,0.147,0.1932035648416852
	1953-05,0.248,0.387297168900785
	1953-06,-0.014,-0.11619317034163228
	1953-07,-0.034,-0.1546275473830382
	1953-08,0.064,0.033700900119850725
	1953-09,0.018,-0.054698167075382845
	1953-10,0.105,0.11249137305473281
	1953-11,0.012,-0.06622848018780463
	1953-12,-0.045,-0.17576645475581143
	1954-01,0.057,0.020248868155358663
	1954-02,0.125,0.15092575009613873
	1954-03,0.121,0.14323887468785754
	1954-04,0.1,0.10288277879438136
	1954-05,0.142,0.1835949705813337
	1954-06,0.13,0.1605343443564902
	1954-07,0.126,0.15284746894820903
	1954-08,0.04,-0.012420352329836353
	1954-09,-0.04,-0.16615786049545994
	1954-10,-0.02,-0.12772348345405407
	1954-11,0.072,0.049074650936413076
	1954-12,-0.071,-0.22573114490963908
	1955-01,0.05,0.006796836190866601
	1955-02,0.015,-0.06046332363159373
	1955-03,0.09093220338983049,0.08545702310187948
	1955-04,0.175,0.24701169269965348
	1955-05,0.08,0.06444840175297545
	1955-06,0.054,0.014483711599147775
	1955-07,-0.083,-0.24879177113448264
	1955-08,0.061,0.02793574356363984
	1955-09,0.10673770491803278,0.11583075335505168
	1955-10,0.151,0.20089044024996638
	1955-11,-0.039,-0.16423614164338965
	1955-12,0.02,-0.050854729371242254
	1956-01,0.051,0.008718555042936884
	1956-02,0.18,0.25662028696000494
	1956-03,0.14423333333333332,0.1878868093509574
	1956-04,0.106,0.11441309190680311
	1956-05,0.126,0.15284746894820903
	1956-06,0.075,0.05483980749262397
	1956-07,0.001,-0.08736738756057785
	1956-08,0.041,-0.010498633477766056
	1956-09,0.081,0.06637012060504574
	1956-10,-0.093,-0.2680089596551856
	1956-11,0.007,-0.07583707444815609
	1956-12,-0.04,-0.16615786049545994
	1957-01,0.137,0.1739863763209823
	1957-02,-0.054,-0.1930619244244441
	1957-03,0.042,-0.00857691462569576
	1957-04,0.124,0.1490040312440684
	1957-05,0.214,0.32195872793039493
	1957-06,0.066,0.037544337823991324
	1957-07,0.002,-0.08544566870850756
	1957-08,0.17,0.23740309843930202
	1957-09,-0.111,-0.3025998989924509
	1957-10,-0.18,-0.43519849978530123
	1957-11,0.042,-0.00857691462569576
	1957-12,-0.014,-0.11619317034163228
	1958-01,-0.03,-0.146940671974757
	1958-02,0.135,0.17014293861684168
	1958-03,0.117,0.13555199927957637
	1958-04,0.059,0.024092305859499244
	1958-05,0.10424590163934425,0.11104220801874536
	1958-06,0.151,0.20089044024996638
	1958-07,0.109,0.120178248463014
	1958-08,0.025,-0.04124613511089078
	1958-09,0.16,0.21818590991859904
	1958-10,-0.076,-0.23533973916999057
	1958-11,-0.047032786885245904,-0.17967289963542976
	1958-12,-0.019,-0.12580176460198378
	1959-01,0.059,0.024092305859499244
	1959-02,0.108,0.1182565296109437
	1959-03,0.088,0.0798221525695378
	1959-04,0.14,0.17975153287719317
	1959-05,0.009,-0.0719936367440155
	1959-06,0.207,0.30850669596590286
	1959-07,0.061,0.02793574356363984
	1959-08,0.13,0.1605343443564902
	1959-09,0.054,0.014483711599147775
	1959-10,0.057,0.020248868155358663
	1959-11,0.074,0.05291808864055367
	1959-12,0.08,0.06444840175297545
	1960-01,0.124,0.1490040312440684
	1960-02,0.205,0.30466325826176227
	1960-03,0.134,0.1682212197647714
	1960-04,0.182,0.2604637246641456
	1960-05,0.11,0.1220999673150843
	1960-06,0.218,0.32964560333867615
	1960-07,0.024,-0.04316785396296107
	1960-08,0.027,-0.03740269740675019
	1960-09,0.03,-0.031637540850539304
	1960-10,-0.084,-0.25071348998655296
	1960-11,0.049,0.0048751173387963035
	1960-12,0.0,-0.08928910641264816
	1961-01,0.151,0.20089044024996638
	1961-02,0.057,0.020248868155358663
	1961-03,0.09,0.08366559027367838
	1961-04,-0.015,-0.11811488919370258
	1961-05,0.094,0.09135246568195958
	1961-06,-0.081,-0.24494833343034206
	1961-07,0.020311475409836077,-0.050256161204203946
	1961-08,0.125,0.15092575009613873
	1961-09,0.11,0.1220999673150843
	1961-10,0.075,0.05483980749262397
	1961-11,-0.028,-0.1430972342706164
	1961-12,0.064,0.033700900119850725
	1962-01,0.094,0.09135246568195958
	1962-02,0.1806949152542373,0.25795571870466405
	1962-03,0.259,0.40843607627355827
	1962-04,0.217,0.32772388448660583
	1962-05,0.12,0.14131715583578724
	1962-06,0.126,0.15284746894820903
	1962-07,0.116,0.13363028042750608
	1962-08,-0.088,-0.25840036539483413
	1962-09,0.038,-0.016263790033976946
	1962-10,-0.003,-0.09505426296885905
	1962-11,0.026983606557377054,-0.03743420099448904
	1962-12,0.056,0.018327149303288368
	1963-01,0.248,0.387297168900785
	1963-02,0.182,0.2604637246641456
	1963-03,0.104,0.11056965420266252
	1963-04,0.2,0.2950546640014109
	1963-05,0.26,0.4103577951256286
	1963-06,0.208,0.3104284148179732
	1963-07,0.115,0.13170856157543578
	1963-08,0.034,-0.023950665442258122
	1963-09,0.124,0.1490040312440684
	1963-10,0.094,0.09135246568195958
	1963-11,0.11737704918032787,0.1362765817975701
	1963-12,0.14,0.17975153287719317
	1964-01,0.199,0.2931329451493406
	1964-02,0.098,0.09903934109024076
	1964-03,0.265,0.4199663893859801
	1964-04,0.18,0.25662028696000494
	1964-05,0.328,0.5410346770664086
	1964-06,0.089,0.08174387142160809
	1964-07,0.259,0.40843607627355827
	1964-08,0.112,0.12594340501922488
	1964-09,0.027,-0.03740269740675019
	1964-10,0.034,-0.023950665442258122
	1964-11,0.055,0.016405430451218072
	1964-12,0.134,0.1682212197647714
	1965-01,0.167,0.23163794188309114
	1965-02,0.105,0.11249137305473281
	1965-03,0.169,0.23548137958723173
	1965-04,0.35,0.5833124918119551
	1965-05,0.311,0.5083654565812136
	1965-06,0.19,0.2758374754807079
	1965-07,0.134,0.1682212197647714
	1965-08,0.116,0.13363028042750608
	1965-09,0.138,0.1759080951730526
	1965-10,0.002,-0.08544566870850756
	1965-11,0.07,0.045231213232272506
	1965-12,-0.023,-0.13348864001026495
	1966-01,0.168,0.23355966073516143
	1966-02,0.21863333333333335,0.3308626919449874
	1966-03,0.26436666666666664,0.4187493007796688
	1966-04,0.315,0.5160523319894949
	1966-05,0.085,0.07405699601332694
	1966-06,0.048,0.002953398486726007
	1966-07,0.159,0.21626419106652875
	1966-08,0.201,0.2969763828534812
	1966-09,0.234,0.3603931049718009
	1966-10,0.057,0.020248868155358663
	1966-11,0.188,0.27199403777656733
	1966-12,0.118,0.13747371813164663
	1967-01,0.179,0.2546985681079347
	1967-02,0.24,0.37192341808422263
	1967-03,0.244,0.37961029349250386
	1967-04,0.07,0.045231213232272506
	1967-05,0.311,0.5083654565812136
	1967-06,0.286,0.4603224852794562
	1967-07,0.102,0.10672621649852192
	1967-08,0.159,0.21626419106652875
	1967-09,0.15,0.1989687213978961
	1967-10,0.125,0.15092575009613873
	1967-11,0.068,0.041387775528131915
	1967-12,0.077,0.05868324519676456
	1968-01,0.155,0.20857731565824758
	1968-02,0.277,0.44302701561082364
	1968-03,0.246,0.38345373119664444
	1968-04,0.18,0.25662028696000494
	1968-05,0.266,0.4218881082380504
	1968-06,-0.042,-0.17000129819960053
	1968-07,-0.021836065573770495,-0.13125188528080609
	1968-08,-0.001,-0.09121082526471845
	1968-09,0.092,0.08750902797781898
	1968-10,0.025,-0.04124613511089078
	1968-11,0.019,-0.05277644822331255
	1968-12,0.234,0.3603931049718009
	1969-01,0.2275,0.34790193243334394
	1969-02,0.221,0.335410759894887
	1969-03,0.209,0.31235013367004344
	1969-04,0.258,0.406514357421488
	1969-05,0.22,0.33348904104281674
	1969-06,0.094,0.09135246568195958
	1969-07,0.252,0.3949840443090662
	1969-08,0.109,0.120178248463014
	1969-09,0.007,-0.07583707444815609
	1969-10,0.091,0.08558730912574869
	1969-11,0.25,0.3911406066049256
	1969-12,0.22,0.33348904104281674
	1970-01,0.15,0.1989687213978961
	1970-02,0.176,0.24893341155172377
	1970-03,0.198,0.2912112262972703
	1970-04,0.398,0.6755549967113293
	1970-05,0.257,0.4045926385694177
	1970-06,0.24,0.37192341808422263
	1970-07,0.268,0.425731545942191
	1970-08,0.181,0.25854200581207526
	1970-09,0.124,0.1490040312440684
	1970-10,0.12,0.14131715583578724
	1970-11,0.141,0.1816732517292634
	1970-12,0.16,0.21818590991859904
	1971-01,0.251,0.39306232545699593
	1971-02,0.22,0.33348904104281674
	1971-03,0.297,0.4814613926522295
	1971-04,0.24,0.37192341808422263
	1971-05,0.247,0.3853754500487147
	1971-06,0.23251086956521738,0.3575314149420875
	1971-07,0.2184891304347826,0.3305855745163192
	1971-08,0.204,0.30274153940969195
	1971-09,0.239,0.37000169923215237
	1971-10,-0.078,-0.23918317687413115
	1971-11,0.328,0.5410346770664086
	1971-12,0.17,0.23740309843930202
	1972-01,0.296,0.47953967380015916
	1972-02,0.15,0.1989687213978961
	1972-03,0.302,0.49106998691258097
	1972-04,0.176,0.24893341155172377
	1972-05,0.205,0.30466325826176227
	1972-06,0.391,0.6621029647468373
	1972-07,0.199,0.2931329451493406
	1972-08,0.208,0.3104284148179732
	1972-09,0.24,0.37192341808422263
	1972-10,0.208,0.3104284148179732
	1972-11,0.188,0.27199403777656733
	1972-12,0.224,0.3411759164510979
	1973-01,0.23199999999999998,0.3565496672676603
	1973-02,0.24,0.37192341808422263
	1973-03,0.28,0.44879217216703454
	1973-04,0.359,0.6006079614805877
	1973-05,0.358,0.5986862426285174
	1973-06,0.3183606557377049,0.5225105674759605
	1973-07,0.28,0.44879217216703454
	1973-08,0.114,0.1297868427233655
	1973-09,0.319,0.523739207397776
	1973-10,0.091,0.08558730912574869
	1973-11,0.214,0.32195872793039493
	1973-12,0.149,0.1970470025458258
	1974-01,0.231,0.35462794841559
	1974-02,0.2616555555555556,0.4135393074473895
	1974-03,0.28934444444444446,0.46674956721804695
	1974-04,0.32,0.5256609262498463
	1974-05,0.41,0.6986156229361727
	1974-06,0.3154754098360656,0.5169659360339217
	1974-07,0.224,0.3411759164510979
	1974-08,0.297,0.4814613926522295
	1974-09,0.19637704918032786,0.28809237111112335
	1974-10,0.099,0.10096105994231105
	1974-11,0.19098360655737706,0.2777276907450394
	1974-12,0.28,0.44879217216703454
	1975-01,0.227,0.3469410730073088
	1975-02,0.387,0.6544160893385561
	1975-03,0.284,0.4564790475753156
	1975-04,0.314,0.5141306131374245
	1975-05,0.285,0.4584007664273859
	1975-06,0.28,0.44879217216703454
	1975-07,0.20081967213114754,0.29662984338835374
	1975-08,0.119,0.13939543698371695
	1975-09,0.344,0.5717821786995333
	1975-10,0.243672131147541,0.3789802217377267
	1975-11,0.14,0.17975153287719317
	1975-12,0.067,0.039466056676061616
	1976-01,0.214,0.32195872793039493
	1976-02,0.185,0.26622888122035643
	1976-03,0.442,0.7601106262024223
	1976-04,0.399,0.6774767155633996
	1976-05,0.258,0.406514357421488
	1976-06,0.476,0.8254490671728123
	1976-07,0.351,0.5852342106640254
	1976-08,0.222,0.3373324787469573
	1976-09,0.031,-0.029715821998469012
	1976-10,0.409,0.6966939040841025
	1976-11,0.12,0.14131715583578724
	1976-12,0.122,0.14516059353992783
	1977-01,0.361,0.6044513991847283
	1977-02,0.501,0.8734920384745697
	1977-03,0.436,0.7485803130900005
	1977-04,0.378,0.6371206196699234
	1977-05,0.375,0.6313554631137125
	1977-06,0.379,0.6390423385219937
	1977-07,0.347,0.5775473352557442
	1977-08,0.285,0.4584007664273859
	1977-09,0.254,0.39882748201320684
	1977-10,0.235,0.36231482382387115
	1977-11,0.24008196721311476,0.372080936022917
	1977-12,0.245,0.3815320123445741
	1978-01,0.27849999999999997,0.445909593888929
	1978-02,0.312,0.510287175433284
	1978-03,0.261,0.4122795139776989
	1978-04,0.259,0.40843607627355827
	1978-05,0.357,0.5967645237764472
	1978-06,0.436,0.7485803130900005
	1978-07,0.375,0.6313554631137125
	1978-08,0.152,0.20281215910203668
	1978-09,0.24245901639344264,0.3766489562450513
	1978-10,0.33,0.5448781147705493
	1978-11,0.184,0.26430716236828616
	1978-12,0.264,0.41804467053390976
	1979-01,0.35,0.5833124918119551
	1979-02,0.257,0.4045926385694177
	1979-03,0.36,0.6025296803326581
	1979-04,0.255,0.4007492008652771
	1979-05,0.309,0.504522018877073
	1979-06,0.31506521739130433,0.5161776614798472
	1979-07,0.3209347826086957,0.5274573156115642
	1979-08,0.327,0.5391129582143384
	1979-09,0.27,0.42957498364633157
	1979-10,0.314,0.5141306131374245
	1979-11,0.295,0.4776179549480889
	1979-12,0.406,0.6909287475278917
	1980-01,0.33,0.5448781147705493
	1980-02,0.315,0.5160523319894949
	1980-03,0.379,0.6390423385219937
	1980-04,0.42,0.7178328114568757
	1980-05,0.375,0.6313554631137125
	1980-06,0.3328804347826087,0.5504135005944474
	1980-07,0.2921195652173913,0.4720825691241908
	1980-08,0.25,0.3911406066049256
	1980-09,0.177,0.2508551304037941
	1980-10,0.18437704918032788,0.2650317448862799
	1980-11,0.192,0.2796809131848485
	1980-12,0.256,0.4026709197173474
	1981-01,0.28,0.44879217216703454
	1981-02,0.435,0.7466585942379302
	1981-03,0.36,0.6025296803326581
	1981-04,0.491,0.8542748499538667
	1981-05,0.332,0.5487215524746899
	1981-06,0.391,0.6621029647468373
	1981-07,0.278,0.44494873446289396
	1981-08,0.49,0.8523531311017964
	1981-09,0.209,0.31235013367004344
	1981-10,0.32,0.5256609262498463
	1981-11,0.357,0.5967645237764472
	1981-12,0.359,0.6006079614805877
	1982-01,0.337,0.5583301467350413
	1982-02,0.368,0.6179034311492204
	1982-03,0.401,0.6813201532675403
	1982-04,0.394,0.6678681213030482
	1982-05,0.47563934426229515,0.8247559882425576
	1982-06,0.56,0.9868734507467171
	1982-07,0.315,0.5160523319894949
	1982-08,0.226,0.3450193541552385
	1982-09,0.2361086956521739,0.36444542515986217
	1982-10,0.24589130434782608,0.38324484871272374
	1982-11,0.256,0.4026709197173474
	1982-12,0.471,0.8158404729124608
	1983-01,0.4095,0.6976547635101377
	1983-02,0.348,0.5794690541078145
	1983-03,0.458,0.790858127835547
	1983-04,0.55,0.9676562622260141
	1983-05,0.384,0.6486509327823452
	1983-06,0.3550327868852459,0.5929840932477843
	1983-07,0.327,0.5391129582143384
	1983-08,0.30400000000000005,0.49491342461672166
	1983-09,0.281,0.4507138910191048
	1983-10,0.30903278688524594,0.5045850260525508
	1983-11,0.338,0.5602518655871116
	1983-12,0.29,0.4680093606877374
	1984-01,0.4,0.6793984344154699
	1984-02,0.28,0.44879217216703454
	1984-03,0.45,0.7754843770189846
	1984-04,0.501,0.8734920384745697
	1984-05,0.27,0.42957498364633157
	1984-06,0.442,0.7601106262024223
	1984-07,0.486,0.8446662556935153
	1984-08,0.268,0.425731545942191
	1984-09,0.481,0.8350576614331637
	1984-10,0.375,0.6313554631137125
	1984-11,0.29,0.4680093606877374
	1984-12,0.365,0.6121382745930095
	1985-01,0.44,0.7562671884982817
	1985-02,0.428,0.7332065622734382
	1985-03,0.484,0.8408228179893746
	1985-04,0.375,0.6313554631137125
	1985-05,0.457,0.7889364089834767
	1985-06,0.31,0.5064437377291433
	1985-07,0.394,0.6678681213030482
	1985-08,0.307,0.5006785811729324
	1985-09,0.3,0.48722654920844033
	1985-10,0.455,0.7850929712793361
	1985-11,0.452,0.7793278147231253
	1985-12,0.387,0.6544160893385561
	1986-01,0.32,0.5256609262498463
	1986-02,0.411,0.7005373417882431
	1986-03,0.55,0.9676562622260141
	1986-04,0.475,0.8235273483207419
	1986-05,0.644,1.1482978343206218
	1986-06,0.47,0.8139187540603905
	1986-07,0.421,0.7197545303089461
	1986-08,0.369,0.6198251500012907
	1986-09,0.387,0.6544160893385561
	1986-10,0.359,0.6006079614805877
	1986-11,0.435,0.7466585942379302
	1986-12,0.475,0.8235273483207419
	1987-01,0.362,0.6063731180367986
	1987-02,0.344,0.5717821786995333
	1987-03,0.32,0.5256609262498463
	1987-04,0.519,0.908082977811835
	1987-05,0.384,0.6486509327823452
	1987-06,0.28,0.44879217216703454
	1987-07,0.46,0.7947015655396876
	1987-08,0.607,1.0771942367940208
	1987-09,0.39,0.6601812458947669
	1987-10,0.452,0.7793278147231253
	1987-11,0.4,0.6793984344154699
	1987-12,0.4540983606557377,0.783360273953699
	1988-01,0.51,0.8907875081432023
	1988-02,0.442,0.7601106262024223
	1988-03,0.506,0.8831006327349211
	1988-04,0.518,0.9061612589597647
	1988-05,0.434,0.7447368753858599
	1988-06,0.549,0.9657345433739438
	1988-07,0.432,0.7408934376817193
	1988-08,0.362,0.6063731180367986
	1988-09,0.448,0.771640939314844
	1988-10,0.328,0.5410346770664086
	1988-11,0.41,0.6986156229361727
	1988-12,0.427,0.7312848434213678
	1989-01,0.54,0.9484390737053112
	1989-02,0.517406779661017,0.9050212562509096
	1989-03,0.497,0.8658051630662885
	1989-04,0.5544262295081968,0.9761622309155056
	1989-05,0.61,1.0829593933502317
	1989-06,0.529,0.927300166332538
	1989-07,0.462,0.7985450032438282
	1989-08,0.3985,0.6765158561373644
	1989-09,0.335,0.5544867090309007
	1989-10,0.39,0.6601812458947669
	1989-11,0.374,0.6294337442616422
	1989-12,0.427,0.7312848434213678
	1990-01,0.47,0.8139187540603905
	1990-02,0.537,0.9426739171491003
	1990-03,0.508,0.8869440704390618
	1990-04,0.561,0.9887951695987873
	1990-05,0.521,0.9119264155159756
	1990-06,0.341,0.5660170221433225
	1990-07,0.3400217391304348,0.5641370797880364
	1990-08,0.3390108695652174,0.562194472687574
	1990-09,0.338,0.5602518655871116
	1990-10,0.4092087912087912,0.6970951420861832
	1990-11,0.48279120879120885,0.8384998611352239
	1990-12,0.554,0.9753431376342953
	1991-01,0.465,0.8043101598000391
	1991-02,0.628,1.117550332687497
	1991-03,0.54,0.9484390737053112
	1991-04,0.5105245901639345,0.8917956229508459
	1991-05,0.482,0.836979380285234
	1991-06,0.3940819672131147,0.6680256392417423
	1991-07,0.309,0.504522018877073
	1991-08,0.33,0.5448781147705493
	1991-09,0.312,0.510287175433284
	1991-10,0.294,0.4756962360960186
	1991-11,0.336,0.5564084278829711
	1991-12,0.416,0.7101459360485946
	1992-01,0.37,0.6217468688533611
	1992-02,0.204,0.30274153940969195
	1992-03,0.138,0.1759080951730526
	1992-04,0.425,0.7274414057172273
	1992-05,0.236,0.36423654267594147
	1992-06,0.31,0.5064437377291433
	1992-07,0.3090217391304348,0.5045637953738572
	1992-08,0.3080108695652174,0.5026211882733949
	1992-09,0.307,0.5006785811729324
	1992-10,0.319,0.523739207397776
	1992-11,0.22,0.33348904104281674
	1992-12,0.078,0.06060496404883486
	1993-01,0.468,0.81007531635625
	1993-02,0.569,1.0041689204153494
	1993-03,0.439,0.7543454696462114
	1993-04,0.58,1.025307827788123
	1993-05,0.5844262295081967,1.0338137964776142
	1993-06,0.589,1.0426032974567554
	1993-07,0.528,0.9253784474804677
	1993-08,0.417,0.7120676549006648
	1993-09,0.574,1.013777514675701
	1993-10,0.46,0.7947015655396876
	1993-11,0.44221311475409836,0.7605201728430274
	1993-12,0.425,0.7274414057172273
	1994-01,0.491,0.8542748499538667
	1994-02,0.481,0.8350576614331637
	1994-03,0.558,0.9830300130425765
	1994-04,0.717,1.2885833105217532
	1994-05,0.464,0.8023884409479688
	1994-06,0.428,0.7332065622734382
	1994-07,0.651,1.1617498662851138
	1994-08,0.49,0.8523531311017964
	1994-09,0.439,0.7543454696462114
	1994-10,0.44244262295081965,0.7609612230713714
	1994-11,0.446,0.7677975016107035
	1994-12,0.66,1.1790453359537465
	1995-01,0.595,1.0541336105691772
	1995-02,0.528,0.9253784474804677
	1995-03,0.759,1.3692955023087057
	1995-04,0.546,0.959969386817733
	1995-05,0.648,1.1559847097289029
	1995-06,0.6500327868852459,1.1598911546085213
	1995-07,0.652,1.1636715851371842
	1995-08,0.649,1.1579064285809733
	1995-09,0.509,0.888865789291132
	1995-10,0.441,0.7581889073503519
	1995-11,0.546,0.959969386817733
	1995-12,0.475,0.8235273483207419
	1996-01,0.716,1.2866615916696829
	1996-02,0.6410833333333333,1.1426928210020835
	1996-03,0.571,1.0080123581194902
	1996-04,0.62,1.1021765818709346
	1996-05,0.495,0.8619617253621479
	1996-06,0.508,0.8869440704390618
	1996-07,0.658,1.175201898249606
	1996-08,0.486,0.8446662556935153
	1996-09,0.5230983606557378,0.9159588747465495
	1996-10,0.559,0.9849517318946468
	1996-11,0.619,1.1002548630188644
	1996-12,0.601,1.065663923681599
	1997-01,0.649,1.1579064285809733
	1997-02,0.5712372881355933,1.0084683592030323
	1997-03,0.501,0.8734920384745697
	1997-04,0.74,1.33278284411937
	1997-05,0.592,1.0483684540129663
	1997-06,0.58,1.025307827788123
	1997-07,0.68,1.2174797129951525
	1997-08,0.597,1.0579770482733177
	1997-09,0.572,1.0099340769715603
	1997-10,0.704,1.2636009654448395
	1997-11,0.487,0.8465879745455855
	1997-12,0.632,1.1252372080957782
	1998-01,0.789,1.4269470678708145
	1998-02,0.832,1.509580978509837
	1998-03,0.952,1.7401872407582726
	1998-04,0.878,1.5979800457050708
	1998-05,0.875,1.59221488914886
	1998-06,0.901,1.6421795793026877
	1998-07,0.762,1.3750606588649166
	1998-08,0.7145,1.2837790133915776
	1998-09,0.667,1.1924973679182387
	1998-10,0.588,1.0406815786046852
	1998-11,0.917,1.6729270809358123
	1998-12,0.684,1.2251665884034337
	1999-01,0.581,1.027229546640193
	1999-02,0.6278444444444444,1.1172513986438417
	1999-03,0.6701555555555555,1.1985614585181048
	1999-04,0.717,1.2885833105217532
	1999-05,0.715,1.2847398728176127
	1999-06,0.58,1.025307827788123
	1999-07,0.592,1.0483684540129663
	1999-08,0.605,1.0733507990898803
	1999-09,0.6056739130434783,1.0746458704901884
	1999-10,0.6063260869565217,1.0758991653937124
	1999-11,0.607,1.0771942367940208
	1999-12,0.646,1.1521412720247624
	2000-01,0.666,1.1905756490661683
	2000-02,0.73,1.313565655598667
	2000-03,0.67,1.1982625244744496
	2000-04,0.56,0.9868734507467171
	2000-05,0.69,1.2366969015158553
	2000-06,0.592,1.0483684540129663
	2000-07,0.578,1.0214643900839822
	2000-08,0.64,1.1406109589123405
	2000-09,0.678,1.213636275291012
	2000-10,0.576,1.0176209523798416
	2000-11,0.606,1.0752725179419504
	2000-12,0.737,1.3270176875631592
	2001-01,0.7995,1.4471251158175527
	2001-02,0.862,1.5672325440719461
	2001-03,0.8223595505617978,1.4910547450820135
	2001-04,0.7784719101123595,1.4067150390574452
	2001-05,0.736,1.3250959687110888
	2001-06,0.689,1.234775182663785
	2001-07,0.738,1.3289394064152296
	2001-08,0.665,1.188653930214098
	2001-09,0.58,1.025307827788123
	2001-10,0.49,0.8523531311017964
	2001-11,0.5194754098360655,0.9089965818562618
	2001-12,0.548,0.9638128245218736
	2002-01,0.596,1.0560553294212476
	2002-02,0.715,1.2847398728176127
	2002-03,0.7206949152542372,1.2956838988226231
	2002-04,0.727,1.307800499042456
	2002-05,0.594,1.052211891717107
	2002-06,0.6707377049180328,1.199680185922698
	2002-07,0.745,1.3423914383797215
	2002-08,0.577,1.019542671231912
	2002-09,0.598,1.059898767125388
	2002-10,0.604,1.07142908023781
	2002-11,0.548,0.9638128245218736
	2002-12,0.682,1.221323150699293
	2003-01,0.647,1.1540629908768327
	2003-02,0.716,1.2866615916696829
	2003-03,0.631,1.1233154892437078
	2003-04,0.675,1.207871118734801
	2003-05,0.762,1.3750606588649166
	2003-06,0.658,1.175201898249606
	2003-07,0.802,1.4519294129477285
	2003-08,0.608,1.0791159556460912
	2003-09,0.641,1.142532677764411
	2003-10,0.692,1.2405403392199958
	2003-11,0.512,0.8946309458473429
	2003-12,0.504,0.8792571950307806
	2004-01,0.549,0.9657345433739438
	2004-02,0.798,1.4442425375394472
	2004-03,0.67,1.1982625244744496
	2004-04,0.6720327868852459,1.2021689693540678
	2004-05,0.674,1.2059493998827306
	2004-06,0.717,1.2885833105217532
	2004-07,0.7651967213114754,1.3812038584739939
	2004-08,0.815,1.476911758024642
	2004-09,0.802,1.4519294129477285
	2004-10,0.762655737704918,1.3763208023744709
	2004-11,0.722,1.2981919047821047
	2004-12,0.707,1.2693661220010504
	2005-01,0.748,1.3481565949359324
	2005-02,0.668,1.1944190867703088
	2005-03,0.666,1.1905756490661683
	2005-04,0.739,1.3308611252672997
	2005-05,0.72,1.2943484670779641
	2005-06,0.68,1.2174797129951525
	2005-07,0.748,1.3481565949359324
	2005-08,0.745,1.3423914383797215
	2005-09,0.7551639344262295,1.361923662777813
	2005-10,0.765,1.3808258154211275
	2005-11,0.56,0.9868734507467171
	2005-12,0.658,1.175201898249606
	2006-01,0.64,1.1406109589123405
	2006-02,0.577,1.019542671231912
	2006-03,0.739,1.3308611252672997
	2006-04,0.744,1.3404697195276511
	2006-05,0.7626885245901639,1.3763838095499485
	2006-06,0.782,1.4134950359063225
	2006-07,0.8065901639344262,1.4607504175146082
	2006-08,0.832,1.509580978509837
	2006-09,0.764,1.378904096569057
	2006-10,0.707,1.2693661220010504
	2006-11,0.6587213114754098,1.1765880561101156
	2006-12,0.612,1.0868028310543723
	2007-01,0.685,1.2270883072555039
	2007-02,0.8037457627118645,1.4552842780623596
	2007-03,0.911,1.6613967678233905
	2007-04,0.892,1.624884109634055
	2007-05,0.7759344262295083,1.4018387084429453
	2007-06,0.656,1.1713584605454654
	2007-07,0.73,1.313565655598667
	2007-08,0.556,0.9791865753384359
	2007-09,0.707,1.2693661220010504
	2007-10,0.664,1.1867322113620278
	2007-11,0.646,1.1521412720247624
	2007-12,0.575,1.0156992335277713
	2008-01,0.77,1.390434409681479
	2008-02,0.71,1.275131278557261
	2008-03,0.681,1.2194014318472228
	2008-04,0.55,0.9676562622260141
	2008-05,0.775,1.4000430039418303
	2008-06,0.902,1.6441012981547578
	2008-07,0.869,1.580684576036438
	2008-08,0.758,1.3673737834566353
	2008-09,0.647,1.1540629908768327
	2008-10,0.727,1.307800499042456
	2008-11,0.618,1.098333144166794
	2008-12,0.741,1.3347045629714402
	2009-01,0.805,1.4576945695039394
	2009-02,0.868,1.578762857184368
	2009-03,0.781,1.4115733170542522
	2009-04,0.7505081967213115,1.3529766438599777
	2009-05,0.721,1.2962701859300345
	2009-06,0.708,1.2712878408531205
	2009-07,0.7316065573770492,1.316653007197075
	2009-08,0.756,1.3635303457524948
	2009-09,0.78,1.409651598202182
	2009-10,0.64,1.1406109589123405
	2009-11,0.832,1.509580978509837
	2009-12,0.71,1.275131278557261
	2010-01,0.756,1.3635303457524948
	2010-02,0.724,1.3020353424862454
	2010-03,0.61,1.0829593933502317
	2010-04,0.7395901639344262,1.3319952544258986
	2010-05,0.865,1.572997700628157
	2010-06,0.767,1.384669253125268
	2010-07,0.771,1.3923561285335493
	2010-08,0.78,1.409651598202182
	2010-09,0.599,1.0618204859774585
	2010-10,0.677,1.2117145564389415
	2010-11,0.79,1.4288687867228849
	2010-12,0.646,1.1521412720247624
	2011-01,0.796,1.4403990998353067
	2011-02,0.69,1.2366969015158553
	2011-03,0.856,1.5557022309595243
	2011-04,0.82,1.4865203522849937
	2011-05,0.691,1.2386186203679255
	2011-06,0.897,1.6344927038944064
	2011-07,0.721,1.2962701859300345
	2011-08,0.691,1.2386186203679255
	2011-09,0.755,1.3616086269004246
	2011-10,0.825,1.4961289465453451
	2011-11,0.66,1.1790453359537465
	2011-12,0.766,1.3827475342731979
	2012-01,0.821,1.4884420711370638
	2012-02,0.8344333333333332,1.5142571610498747
	2012-03,0.847,1.5384067612908916
	2012-04,0.811,1.4692248826163612
	2012-05,0.769,1.3885126908294088
	2012-06,0.738,1.3289394064152296
	2012-07,0.708,1.2712878408531205
	2012-08,0.537,0.9426739171491003
	2012-09,0.788,1.4250253490187443
	2012-10,0.82,1.4865203522849937
	2012-11,0.567,1.000325482711209
	2012-12,0.695,1.2463054957762068
	2013-01,0.851,1.5460936366991729
	2013-02,0.992,1.8170559948410845
	2013-03,0.849,1.5422501989950321
	2013-04,0.797,1.442320818687377
	2013-05,0.867327868852459,1.5774712100870747
	2013-06,0.94,1.717126614533429
	2013-07,0.757,1.3654520646045651
	2013-08,0.721,1.2962701859300345
	2013-09,0.729,1.3116439367465969
	2013-10,0.686,1.2290100261075743
	2013-11,0.78,1.409651598202182
	2013-12,0.92,1.6786922374920232
	2014-01,0.842,1.5287981670305402
	2014-02,0.822,1.4903637899891342
	2014-03,0.838,1.5211112916222589
	2014-04,0.8872950819672131,1.6158425799530027
	2014-05,0.935,1.7075180202730778
	2014-06,0.8709672131147541,1.5844650065651011
	2014-07,0.809,1.4653814449122204
	2014-08,1.055,1.9381242825215128
	2014-09,0.806,1.4596162883560095
	2014-10,0.7789508196721312,1.4076353685868952
	2014-11,0.751,1.3539217514921433
	2014-12,0.896,1.6325709850423362
	2015-01,0.84,1.5249547293263994
	2015-02,0.742,1.3366262818235106
	2015-03,0.95,1.736343803054132
	2015-04,0.831,1.507659259657767
	2015-05,1.028,1.8862378735156151
	2015-06,0.948,1.7325003653499913
	2015-07,0.802,1.4519294129477285
	2015-08,0.916,1.6710053620837422
	2015-09,0.802,1.4519294129477285
	2015-10,0.86,1.5633891063678054
	2015-11,0.838,1.5211112916222589
	2015-12,0.751,1.3539217514921433
	2016-01,0.944,1.7248134899417102
	2016-02,0.9801666666666666,1.7943156550915857
	2016-03,1.014,1.859333809586631
	2016-04,1.016,1.8631772472907715
	2016-05,0.967,1.7690130235393269
	2016-06,1.06,1.9477328767818647
	2016-07,1.167,2.153356793953386
	2016-08,0.89,1.6210406719299144
	2016-09,0.96,1.755560991574835
	2016-10,0.9585245901639344,1.752725668678338
	2016-11,0.957,1.749795835018624
	2016-12,0.8674918032786885,1.5777862459644632
	2017-01,0.775,1.4000430039418303
	2017-02,0.92,1.6786922374920232
	2017-03,0.89,1.6210406719299144
	2017-04,0.9459016393442623,1.7284679061194177
	2017-05,1.0,1.8324297456576468
	2017-06,0.955858695652174,1.747602568937457
	2017-07,0.913141304347826,1.6655117527566279
	2017-08,0.869,1.580684576036438
	2017-09,0.8298688524590164,1.5054855121037858
	2017-10,0.792,1.4327122244270254
	2017-11,0.855,1.553780512107454
	2017-12,0.824,1.4942072276932747
	2018-01,0.887,1.6152755153737035
	2018-02,0.9324666666666667,1.702649665847833
	2018-03,0.9735333333333333,1.7815682533728527
	2018-04,1.019,1.8689424038469822
	2018-05,1.028,1.8862378735156151
	2018-06,0.896,1.6325709850423362
	2018-07,0.712,1.2789747162614018
	2018-08,0.809,1.4653814449122204
	2018-09,0.944,1.7248134899417102
	2018-10,0.83,1.5057375408056966
	2018-11,0.76,1.371217221160776
	2018-12,0.822,1.4903637899891342
	2019-01,0.956,1.7478741161665536
	2019-02,0.958,1.7517175538706944
	2019-03,0.915,1.6690836432316718
	2019-04,0.91,1.6594750489713204
	2019-05,0.905,1.6498664547109687
	2019-06,0.846,1.5364850424388212
	2019-07,1.025,1.880472716959404
	2019-08,0.846,1.5364850424388212
	2019-09,0.952,1.7401872407582726
	2019-10,0.971,1.7766998989476082
	2019-11,0.9054426229508197,1.6507170515799179
	2019-12,0.842,1.5287981670305402
	2020-01,0.935,1.7075180202730778
	2020-02,0.927,1.6921442694565154
	2020-03,0.876,1.5941366080009303
	2020-04,0.866344262295082,1.5755809948227433
	2020-05,0.857,1.5576239498115945
	2020-06,1.029,1.8881595923676853
	2020-07,0.87,1.5826062948885085
	2020-08,0.9,1.6402578604506173
	2020-09,0.8695081967213115,1.5816611872563429
	2020-10,0.84,1.5249547293263994
	2020-11,0.919,1.6767705186399529
	2020-12,0.85,1.5441719178471025
	2021-01,0.987,1.8074474005807328
	2021-02,0.836,1.5172678539181184
	2021-03,0.97,1.7747781800955378
	2021-04,1.126,2.0745663210185037
	2021-05,0.886,1.6133537965216331
	2021-06,0.894,1.6287275473381955
	2021-07,0.9043278688524591,1.6485748076136757
	2021-08,0.915,1.6690836432316718
	2021-09,0.912,1.663318486675461
	2021-10,0.918,1.6748487997878827
	2021-11,0.937,1.7113614579772183
	2021-12,0.995,1.8228211513972954
	2022-01,0.965,1.7651695858351863
	2022-02,0.939,1.7152048956813586
	2022-03,1.032,1.8939247489238962
	2022-04,1.138,2.0976269472433473
	2022-05,1.0135737704918033,1.8585147163054208
	2022-06,0.885,1.6114320776695628
	2022-07,1.028,1.8862378735156151
	2022-08,0.906,1.651788173563039
	2022-09,0.9339508196721311,1.7055017906577907
	2022-10,0.961,1.7574827104269053
	2022-11,0.858,1.5595456686636648
	2022-12,0.91,1.6594750489713204
	2023-01,1.15,2.120687573468191
	2023-02,1.1915084745762712,2.200455191582092
	2023-03,1.229,2.2725033627817446
	2023-04,1.145,2.1110789792078397
	2023-05,1.216,2.2475210177048304
	2023-06,1.137,2.095705228391277
	2023-07,1.19,2.197556327551003
	2023-08,1.159,2.1379830431368236
	2023-09,1.018,1.867020684994912
	2023-10,1.174,2.166808825917878
	2023-11,1.052,1.9323591259653021
	2023-12,1.179,2.17641742017823
	2024-01,1.19,2.197556327551003
	2024-02,1.334,2.4742838422491253
	2024-03,1.189,2.1956346086989327
	2024-04,1.187,2.191791170994792
	2024-05,1.208,2.2321472668882683
	2024-06,1.168,2.1552785128054563
	2024-07,1.232,2.278268519337955
	2024-08,1.1360000000000001,2.093783509539207
	2024-09,1.04,1.9092984997404587
	2024-10,1.036,1.9016116243321775
	2024-11,1.206,2.2283038291841275
	2024-12,1.0884590163934427,2.0024231050965207
	2025-01,0.967,1.7690130235393269
	2025-02,0.988,1.8093691194328032
	2025-03,1.027,1.8843161546635445
	2025-04,1.122,2.066879445610223
	2025-05,0.949,1.7344220842020617
	2025-06,1.026,1.8823944358114746
	2025-07,1.061,1.9496545956339346
	2025-08,0.999,1.8305080268055764
	2025-09,1.007639344262295,1.8471104175439543
	2025-10,1.016,1.8631772472907715
	2025-11,0.985,1.8036039628765923
	2025-12,1.004,1.8401166210659279
